{
  "rmse": 53.853445836765935,
  "risk_quantile": 0.75,
  "threshold": 214.0,
  "precision_highrisk": 1.0,
  "recall_highrisk": 0.2857142857142857,
  "support_highrisk_test": 21,
  "n_test": 89
}
